t,v_wind,bat_pct,e_kalan,e_pnr,mass,i_est,v_term,pnr
0.0,3.0,99.46,9.4487,0.118,2500.0,14.663,10.948,0
1.0,3.0,98.92,9.3979,0.1169,2483.3,14.521,10.965,0
2.0,3.0,98.39,9.3475,0.1158,2466.6,14.38,10.982,0
3.0,3.0,97.87,9.2977,0.1719,2449.9,14.24,10.998,0
4.0,3.0,97.35,9.2483,0.227,2433.2,14.099,11.013,0
5.0,3.0,96.84,9.1995,0.2809,2416.5,13.959,11.027,0
6.0,3.0,96.33,9.1511,0.3338,2399.8,13.82,11.04,0
7.0,3.0,95.82,9.1032,0.3855,2383.1,13.681,11.053,0
8.0,3.0,95.32,9.0558,0.4361,2366.4,13.543,11.066,0
9.0,3.0,94.83,9.0089,0.4856,2349.7,13.405,11.077,0
10.0,3.0,94.34,8.9625,0.534,2333.0,13.268,11.088,0
11.0,3.0,93.86,8.9165,0.5814,2316.3,13.131,11.099,0
12.0,3.0,93.38,8.871,0.6276,2299.6,12.995,11.109,0
13.0,3.0,92.91,8.826,0.6728,2282.9,12.859,11.119,0
14.0,3.0,92.44,8.7815,0.717,2266.2,12.723,11.128,0
15.0,3.0,91.97,8.7374,0.76,2249.5,12.588,11.137,0
16.0,3.0,91.51,8.6938,0.802,2232.8,12.454,11.146,0
17.0,3.0,91.06,8.6507,0.843,2216.1,12.32,11.154,0
18.0,3.0,90.61,8.6081,0.8829,2199.4,12.187,11.162,0
19.0,3.0,90.17,8.5659,0.9218,2182.7,12.054,11.17,0
20.0,3.0,89.73,8.5242,0.9597,2166.0,11.921,11.177,0
21.0,3.0,89.29,8.4829,0.9965,2149.3,11.79,11.184,0
22.0,3.0,88.86,8.4421,1.0323,2132.6,11.658,11.191,0
23.0,3.0,88.44,8.4017,1.0672,2115.9,11.527,11.198,0
24.0,3.0,88.02,8.3619,1.101,2099.2,11.397,11.205,0
25.0,3.0,87.6,8.3224,1.1338,2082.5,11.267,11.211,0
26.0,3.0,87.19,8.2834,1.1656,2065.8,11.138,11.217,0
27.0,3.0,86.79,8.2449,1.1964,2049.1,11.009,11.223,0
28.0,3.0,86.39,8.2068,1.2263,2032.4,10.881,11.229,0
29.0,3.0,85.99,8.1692,1.2552,2015.7,10.753,11.235,0
30.0,3.0,85.6,8.132,1.2831,1999.0,10.626,11.24,0
31.0,3.0,85.21,8.0952,1.3101,1982.3,10.499,11.246,0
32.0,3.0,84.83,8.0589,1.3361,1965.6,10.373,11.251,0
33.0,3.0,84.45,8.0231,1.3612,1948.9,10.248,11.257,0
34.0,3.0,84.08,7.9876,1.3853,1932.2,10.123,11.262,0
35.0,3.0,83.71,7.9526,1.4085,1915.5,9.998,11.267,0
36.0,3.0,83.35,7.9181,1.4308,1898.8,9.874,11.273,0
37.0,3.0,82.99,7.884,1.4521,1882.1,9.751,11.278,0
38.0,3.0,82.63,7.8503,1.4726,1865.4,9.628,11.283,0
39.0,3.0,82.28,7.817,1.4921,1848.7,9.506,11.288,0
40.0,3.0,81.94,7.7841,1.5108,1832.0,9.384,11.293,0
41.0,3.0,81.6,7.7517,1.5286,1815.3,9.263,11.298,0
42.0,3.0,81.26,7.7197,1.5454,1798.6,9.142,11.303,0
43.0,3.0,80.93,7.6882,1.5614,1781.9,9.022,11.308,0
44.0,3.0,80.6,7.657,1.5766,1765.2,8.902,11.313,0
45.0,3.0,80.28,7.6263,1.5909,1748.5,8.783,11.318,0
46.0,3.0,79.96,7.5959,1.6043,1731.8,8.665,11.323,0
47.0,3.0,79.64,7.566,1.6169,1715.1,8.547,11.328,0
48.0,3.0,79.33,7.5365,1.6286,1698.4,8.43,11.333,0
49.0,3.0,79.03,7.5074,1.6395,1681.7,8.313,11.338,0
50.0,3.0,78.72,7.4787,1.6496,1665.0,8.197,11.343,0
51.0,3.0,78.43,7.4504,1.6589,1648.3,8.081,11.348,0
52.0,3.0,78.13,7.4226,1.6674,1631.6,7.966,11.353,0
53.0,3.0,77.84,7.3951,1.675,1614.9,7.852,11.358,0
54.0,3.0,77.56,7.368,1.6819,1598.2,7.738,11.363,0
55.0,3.0,77.28,7.3413,1.688,1581.5,7.625,11.369,0
56.0,3.0,77.0,7.315,1.6933,1564.8,7.512,11.374,0
57.0,3.0,76.73,7.2891,1.6978,1548.1,7.4,11.379,0
58.0,3.0,76.46,7.2636,1.7016,1531.4,7.289,11.384,0
59.0,3.0,76.19,7.2385,1.7047,1514.7,7.178,11.389,0
60.0,3.0,75.93,7.2137,1.7101,1500.0,7.081,11.393,0
61.0,3.0,75.67,7.1889,1.7386,1500.0,7.081,11.386,0
62.0,3.0,75.41,7.1641,1.7671,1500.0,7.081,11.379,0
63.0,3.0,75.15,7.1393,1.7956,1500.0,7.081,11.373,0
64.0,3.0,74.89,7.1146,1.8241,1500.0,7.081,11.366,0
65.0,3.0,74.63,7.0898,1.8526,1500.0,7.081,11.359,0
66.0,3.0,74.37,7.065,1.8811,1500.0,7.081,11.352,0
67.0,3.0,74.11,7.0402,1.9096,1500.0,7.081,11.345,0
68.0,3.0,73.85,7.0154,1.9381,1500.0,7.081,11.339,0
69.0,3.0,73.59,6.9906,1.9666,1500.0,7.081,11.332,0
70.0,3.0,73.32,6.9658,1.9951,1500.0,7.081,11.325,0
71.0,3.0,73.06,6.9411,2.0236,1500.0,7.081,11.318,0
72.0,3.0,72.8,6.9163,2.0522,1500.0,7.081,11.312,0
73.0,3.0,72.54,6.8915,2.0807,1500.0,7.081,11.305,0
74.0,3.0,72.28,6.8667,2.1092,1500.0,7.081,11.299,0
75.0,3.0,72.02,6.8419,2.1377,1500.0,7.081,11.292,0
76.0,3.0,71.76,6.8171,2.1662,1500.0,7.081,11.285,0
77.0,3.0,71.5,6.7924,2.1947,1500.0,7.081,11.279,0
78.0,3.0,71.24,6.7676,2.2232,1500.0,7.081,11.272,0
79.0,3.0,70.98,6.7428,2.2517,1500.0,7.081,11.266,0
80.0,3.0,70.72,6.718,2.2802,1500.0,7.081,11.259,0
81.0,3.0,70.45,6.6932,2.3087,1500.0,7.081,11.253,0
82.0,3.0,70.19,6.6684,2.3372,1500.0,7.081,11.246,0
83.0,3.0,69.93,6.6436,2.3657,1500.0,7.081,11.24,0
84.0,3.0,69.67,6.6189,2.3942,1500.0,7.081,11.234,0
85.0,3.0,69.41,6.5941,2.4227,1500.0,7.081,11.227,0
86.0,3.0,69.15,6.5693,2.4512,1500.0,7.081,11.221,0
87.0,3.0,68.89,6.5445,2.4797,1500.0,7.081,11.215,0
88.0,3.0,68.63,6.5197,2.5082,1500.0,7.081,11.208,0
89.0,3.0,68.37,6.4949,2.5367,1500.0,7.081,11.202,0
90.0,3.0,68.11,6.4702,2.5652,1500.0,7.081,11.196,0
91.0,3.0,67.85,6.4454,2.5937,1500.0,7.081,11.19,0
92.0,3.0,67.59,6.4206,2.6222,1500.0,7.081,11.184,0
93.0,3.0,67.32,6.3958,2.6507,1500.0,7.081,11.178,0
94.0,3.0,67.06,6.371,2.6792,1500.0,7.081,11.172,0
95.0,3.0,66.8,6.3462,2.7077,1500.0,7.081,11.166,0
96.0,3.0,66.54,6.3215,2.7362,1500.0,7.081,11.16,0
97.0,3.0,66.28,6.2967,2.7647,1500.0,7.081,11.154,0
98.0,3.0,66.02,6.2719,2.7932,1500.0,7.081,11.148,0
99.0,3.0,65.76,6.2471,2.8217,1500.0,7.081,11.142,0
100.0,3.0,65.5,6.2223,2.8502,1500.0,7.081,11.136,0
101.0,3.0,65.24,6.1975,2.8502,1500.0,7.081,11.131,0
102.0,3.0,64.98,6.1727,2.8502,1500.0,7.081,11.125,0
103.0,3.0,64.72,6.148,2.8502,1500.0,7.081,11.119,0
104.0,3.0,64.45,6.1232,2.8502,1500.0,7.081,11.114,0
105.0,3.0,64.19,6.0984,2.8502,1500.0,7.081,11.108,0
106.0,3.0,63.93,6.0736,2.8502,1500.0,7.081,11.103,0
107.0,3.0,63.67,6.0488,2.8502,1500.0,7.081,11.097,0
108.0,3.0,63.41,6.024,2.8502,1500.0,7.081,11.092,0
109.0,3.0,63.15,5.9993,2.8502,1500.0,7.081,11.086,0
110.0,3.0,62.89,5.9745,2.8502,1500.0,7.081,11.081,0
111.0,3.0,62.63,5.9497,2.8502,1500.0,7.081,11.075,0
112.0,3.0,62.37,5.9249,2.8502,1500.0,7.081,11.07,0
113.0,3.0,62.11,5.9001,2.8502,1500.0,7.081,11.065,0
114.0,3.0,61.85,5.8753,2.8502,1500.0,7.081,11.06,0
115.0,3.0,61.58,5.8505,2.8502,1500.0,7.081,11.054,0
116.0,3.0,61.32,5.8258,2.8502,1500.0,7.081,11.049,0
117.0,3.0,61.06,5.801,2.8502,1500.0,7.081,11.044,0
118.0,3.0,60.8,5.7762,2.8502,1500.0,7.081,11.039,0
119.0,3.0,60.54,5.7514,2.8502,1500.0,7.081,11.034,0
120.0,3.0,60.28,5.7266,2.8502,1500.0,7.081,11.029,0
121.0,3.0,60.02,5.7018,2.8502,1500.0,7.081,11.024,0
122.0,3.0,59.76,5.6771,2.8502,1500.0,7.081,11.019,0
123.0,3.0,59.5,5.6523,2.8502,1500.0,7.081,11.014,0
124.0,3.0,59.24,5.6275,2.8502,1500.0,7.081,11.01,0
125.0,3.0,58.98,5.6027,2.8502,1500.0,7.081,11.005,0
126.0,3.0,58.71,5.5779,2.8502,1500.0,7.081,11.0,0
127.0,3.0,58.45,5.5531,2.8502,1500.0,7.081,10.995,0
128.0,3.0,58.19,5.5283,2.8502,1500.0,7.081,10.991,0
129.0,3.0,57.93,5.5036,2.8502,1500.0,7.081,10.986,0
130.0,3.0,57.67,5.4788,2.8502,1500.0,7.081,10.981,0
131.0,3.0,57.41,5.454,2.8502,1500.0,7.081,10.977,0
132.0,3.0,57.15,5.4292,2.8502,1500.0,7.081,10.972,0
133.0,3.0,56.89,5.4044,2.8502,1500.0,7.081,10.968,0
134.0,3.0,56.63,5.3796,2.8502,1500.0,7.081,10.963,0
135.0,3.0,56.37,5.3549,2.8502,1500.0,7.081,10.959,0
136.0,3.0,56.11,5.3301,2.8502,1500.0,7.081,10.955,0
137.0,3.0,55.85,5.3053,2.8502,1500.0,7.081,10.95,0
138.0,3.0,55.58,5.2805,2.8502,1500.0,7.081,10.946,0
139.0,3.0,55.32,5.2557,2.8502,1500.0,7.081,10.942,0
140.0,3.0,55.06,5.2309,2.8502,1500.0,7.081,10.938,0
141.0,3.0,54.8,5.2062,2.8502,1500.0,7.081,10.933,0
142.0,3.0,54.54,5.1814,2.8502,1500.0,7.081,10.929,0
143.0,3.0,54.28,5.1566,2.8502,1500.0,7.081,10.925,0
144.0,3.0,54.02,5.1318,2.8502,1500.0,7.081,10.921,0
145.0,3.0,53.76,5.107,2.8502,1500.0,7.081,10.917,0
146.0,3.0,53.5,5.0822,2.8502,1500.0,7.081,10.913,0
147.0,3.0,53.24,5.0574,2.8502,1500.0,7.081,10.909,0
148.0,3.0,52.98,5.0327,2.8502,1500.0,7.081,10.905,0
149.0,3.0,52.71,5.0079,2.8502,1500.0,7.081,10.901,0
150.0,3.0,52.45,4.9831,2.8502,1500.0,7.081,10.897,0
151.0,3.0,52.19,4.9583,2.8502,1500.0,7.081,10.893,0
152.0,3.0,51.93,4.9335,2.8502,1500.0,7.081,10.889,0
153.0,3.0,51.67,4.9087,2.8502,1500.0,7.081,10.885,0
154.0,3.0,51.41,4.884,2.8502,1500.0,7.081,10.881,0
155.0,3.0,51.15,4.8592,2.8502,1500.0,7.081,10.877,0
156.0,3.0,50.89,4.8344,2.8502,1500.0,7.081,10.874,0
157.0,3.0,50.63,4.8096,2.8502,1500.0,7.081,10.87,0
158.0,3.0,50.37,4.7848,2.8502,1500.0,7.081,10.866,0
159.0,3.0,50.11,4.76,2.8502,1500.0,7.081,10.862,0
160.0,3.0,49.84,4.7352,2.8502,1500.0,7.081,10.859,0
161.0,3.0,49.58,4.7105,2.8502,1500.0,7.081,10.855,0
162.0,3.0,49.32,4.6857,2.8502,1500.0,7.081,10.851,0
163.0,3.0,49.06,4.6609,2.8502,1500.0,7.081,10.847,0
164.0,3.0,48.8,4.6361,2.8502,1500.0,7.081,10.844,0
165.0,3.0,48.54,4.6113,2.8502,1500.0,7.081,10.84,0
166.0,3.0,48.28,4.5865,2.8502,1500.0,7.081,10.836,0
167.0,3.0,48.02,4.5618,2.8502,1500.0,7.081,10.833,0
168.0,3.0,47.76,4.537,2.8502,1500.0,7.081,10.829,0
169.0,3.0,47.5,4.5122,2.8502,1500.0,7.081,10.825,0
170.0,3.0,47.24,4.4874,2.8502,1500.0,7.081,10.822,0
171.0,3.0,46.97,4.4626,2.8502,1500.0,7.081,10.818,0
172.0,3.0,46.71,4.4378,2.8502,1500.0,7.081,10.814,0
173.0,3.0,46.45,4.4131,2.8502,1500.0,7.081,10.811,0
174.0,3.0,46.19,4.3883,2.8502,1500.0,7.081,10.807,0
175.0,3.0,45.93,4.3635,2.8502,1500.0,7.081,10.803,0
176.0,3.0,45.67,4.3387,2.8502,1500.0,7.081,10.8,0
177.0,3.0,45.41,4.3139,2.8502,1500.0,7.081,10.796,0
178.0,3.0,45.15,4.2891,2.8502,1500.0,7.081,10.792,0
179.0,3.0,44.89,4.2643,2.8502,1500.0,7.081,10.788,0
180.0,3.0,44.63,4.2396,2.8502,1500.0,7.081,10.785,0
181.0,3.0,44.37,4.2148,2.8502,1500.0,7.081,10.781,0
182.0,3.0,44.11,4.19,2.8502,1500.0,7.081,10.777,0
183.0,3.0,43.84,4.1652,2.8502,1500.0,7.081,10.773,0
184.0,3.0,43.58,4.1404,2.8502,1500.0,7.081,10.77,0
185.0,3.0,43.32,4.1156,2.8502,1500.0,7.081,10.766,0
186.0,3.0,43.06,4.0909,2.8502,1500.0,7.081,10.762,0
187.0,3.0,42.8,4.0661,2.8502,1500.0,7.081,10.758,0
188.0,3.0,42.54,4.0413,2.8502,1500.0,7.081,10.754,0
189.0,3.0,42.28,4.0165,2.8502,1500.0,7.081,10.75,0
190.0,3.0,42.02,3.9917,2.8502,1500.0,7.081,10.746,0
191.0,3.0,41.76,3.9669,2.8502,1500.0,7.081,10.742,0
192.0,3.0,41.5,3.9421,2.8502,1500.0,7.081,10.738,0
193.0,3.0,41.24,3.9174,2.8502,1500.0,7.081,10.734,0
194.0,3.0,40.97,3.8926,2.8502,1500.0,7.081,10.73,0
195.0,3.0,40.71,3.8678,2.8502,1500.0,7.081,10.726,0
196.0,3.0,40.45,3.843,2.8502,1500.0,7.081,10.722,0
197.0,3.0,40.19,3.8182,2.8502,1500.0,7.081,10.717,0
198.0,3.0,39.93,3.7934,2.8502,1500.0,7.081,10.713,0
199.0,3.0,39.67,3.7687,2.8502,1500.0,7.081,10.709,0
200.0,3.0,39.41,3.7439,2.8502,1500.0,7.081,10.704,0
201.0,3.0,39.15,3.7191,2.8502,1500.0,7.081,10.7,0
202.0,3.0,38.89,3.6943,2.8502,1500.0,7.081,10.695,0
203.0,3.0,38.63,3.6695,2.8502,1500.0,7.081,10.691,0
204.0,3.0,38.37,3.6447,2.8502,1500.0,7.081,10.686,0
205.0,3.0,38.1,3.6199,2.8502,1500.0,7.081,10.681,0
206.0,3.0,37.84,3.5952,2.8502,1500.0,7.081,10.677,0
207.0,3.0,37.58,3.5704,2.8502,1500.0,7.081,10.672,0
208.0,3.0,37.32,3.5456,2.8502,1500.0,7.081,10.667,0
209.0,3.0,37.06,3.5208,2.8502,1500.0,7.081,10.662,0
210.0,3.0,36.8,3.496,2.8502,1500.0,7.081,10.657,0
211.0,3.0,36.54,3.4712,2.8502,1500.0,7.081,10.652,0
212.0,3.0,36.28,3.4465,2.8502,1500.0,7.081,10.646,0
213.0,3.0,36.02,3.4217,2.8502,1500.0,7.081,10.641,0
214.0,3.0,35.76,3.3969,2.8502,1500.0,7.081,10.636,0
215.0,3.0,35.5,3.3721,2.8502,1500.0,7.081,10.63,0
216.0,3.0,35.23,3.3473,2.8502,1500.0,7.081,10.624,0
217.0,3.0,34.97,3.3225,2.8502,1500.0,7.081,10.619,0
218.0,3.0,34.71,3.2978,2.8502,1500.0,7.081,10.613,0
219.0,3.0,34.45,3.273,2.8502,1500.0,7.081,10.607,0
220.0,3.0,34.19,3.2482,2.8502,1500.0,7.081,10.601,0
221.0,3.0,33.93,3.2234,2.8502,1500.0,7.081,10.595,0
222.0,3.0,33.67,3.1986,2.8502,1500.0,7.081,10.589,0
223.0,3.0,33.41,3.1738,2.8502,1500.0,7.081,10.582,0
224.0,3.0,33.15,3.149,2.8502,1500.0,7.081,10.576,0
225.0,3.0,32.89,3.1243,2.8502,1500.0,7.081,10.569,0
226.0,3.0,32.63,3.0995,2.8502,1500.0,7.081,10.562,0
227.0,3.0,32.37,3.0747,2.8502,1500.0,7.081,10.556,0
228.0,3.0,32.1,3.0499,2.8502,1500.0,7.081,10.549,0
229.0,3.0,31.84,3.0251,2.8502,1500.0,7.081,10.541,0
230.0,3.0,31.58,3.0003,2.8502,1500.0,7.081,10.534,0
231.0,3.0,31.32,2.9756,2.8502,1500.0,7.081,10.527,0
232.0,3.0,31.06,2.9508,2.8502,1500.0,7.081,10.519,0
233.0,3.0,30.8,2.926,2.8502,1500.0,7.081,10.511,0
234.0,3.0,30.54,2.9012,2.8502,1500.0,7.081,10.504,0
235.0,3.0,30.28,2.8764,2.8502,1500.0,7.081,10.496,0
236.0,3.0,30.02,2.8516,2.8502,1500.0,7.081,10.487,0
237.0,3.0,29.76,2.8268,2.8502,1500.0,7.081,10.479,1
